[
    {
        "productId": 1000,
        "productName": "sweet chocolate Ilise",
        "productImage": "https://picsum.photos/400?image=659",
        "productStock": 81,
        "productPrice": "23488.67",
        "productSalePrice": "23488.67",
        "rating": 4
    },
    {
        "productId": 1001,
        "productName": "civilian salmon Delinda",
        "productImage": "https://picsum.photos/400?image=261",
        "productStock": 66,
        "productPrice": "42992.62",
        "productSalePrice": "20636.46",
        "rating": 2
    },
    {
        "productId": 1002,
        "productName": "northern chocolate Dagmar",
        "productImage": "https://picsum.photos/400?image=921",
        "productStock": 58,
        "productPrice": "26956.67",
        "productSalePrice": "26956.67",
        "rating": 4
    },
    {
        "productId": 1003,
        "productName": "spatial plum Mattie",
        "productImage": "https://picsum.photos/400?image=753",
        "productStock": 74,
        "productPrice": "32827.45",
        "productSalePrice": "32827.45",
        "rating": 2
    },
    {
        "productId": 1004,
        "productName": "arrogant tan Nelia",
        "productImage": "https://picsum.photos/400?image=924",
        "productStock": 85,
        "productPrice": "27379.36",
        "productSalePrice": "9308.98",
        "rating": 4
    },
    {
        "productId": 1005,
        "productName": "following bronze Misti",
        "productImage": "https://picsum.photos/400?image=340",
        "productStock": 24,
        "productPrice": "34617.96",
        "productSalePrice": "34617.96",
        "rating": 3
    },
    {
        "productId": 1006,
        "productName": "continued rose Nesta",
        "productImage": "https://picsum.photos/400?image=712",
        "productStock": 34,
        "productPrice": "27822.85",
        "productSalePrice": "27822.85",
        "rating": 1
    },
    {
        "productId": 1007,
        "productName": "sufficient peach Georgiana",
        "productImage": "https://picsum.photos/400?image=860",
        "productStock": 55,
        "productPrice": "15506.06",
        "productSalePrice": "15506.06",
        "rating": 4
    },
    {
        "productId": 1008,
        "productName": "frequent sapphire Petronella",
        "productImage": "https://picsum.photos/400?image=913",
        "productStock": 36,
        "productPrice": "44132.59",
        "productSalePrice": "44132.59",
        "rating": 5
    },
    {
        "productId": 1009,
        "productName": "indirect indigo Fiona",
        "productImage": "https://picsum.photos/400?image=583",
        "productStock": 49,
        "productPrice": "40702.21",
        "productSalePrice": "4477.24",
        "rating": 1
    },
    {
        "productId": 1010,
        "productName": "gross plum Veriee",
        "productImage": "https://picsum.photos/400?image=306",
        "productStock": 12,
        "productPrice": "42194.21",
        "productSalePrice": "42194.21",
        "rating": 4
    },
    {
        "productId": 1011,
        "productName": "gigantic red Lissy",
        "productImage": "https://picsum.photos/400?image=184",
        "productStock": 45,
        "productPrice": "18745.19",
        "productSalePrice": "8810.24",
        "rating": 2
    },
    {
        "productId": 1012,
        "productName": "blind copper Dionne",
        "productImage": "https://picsum.photos/400?image=308",
        "productStock": 27,
        "productPrice": "2038.28",
        "productSalePrice": "448.42",
        "rating": 3
    },
    {
        "productId": 1013,
        "productName": "varied indigo Lizzie",
        "productImage": "https://picsum.photos/400?image=453",
        "productStock": 97,
        "productPrice": "28245.22",
        "productSalePrice": "9603.37",
        "rating": 4
    },
    {
        "productId": 1014,
        "productName": "single amaranth Doris",
        "productImage": "https://picsum.photos/400?image=325",
        "productStock": 21,
        "productPrice": "4200.08",
        "productSalePrice": "4200.08",
        "rating": 2
    },
    {
        "productId": 1015,
        "productName": "keen maroon Lenette",
        "productImage": "https://picsum.photos/400?image=92",
        "productStock": 88,
        "productPrice": "2282.88",
        "productSalePrice": "2282.88",
        "rating": 3
    },
    {
        "productId": 1016,
        "productName": "conservation peach Nari",
        "productImage": "https://picsum.photos/400?image=798",
        "productStock": 31,
        "productPrice": "45707.28",
        "productSalePrice": "45707.28",
        "rating": 5
    },
    {
        "productId": 1017,
        "productName": "loyal blush Happy",
        "productImage": "https://picsum.photos/400?image=163",
        "productStock": 58,
        "productPrice": "40390.62",
        "productSalePrice": "16560.15",
        "rating": 5
    },
    {
        "productId": 1018,
        "productName": "awkward jade Wini",
        "productImage": "https://picsum.photos/400?image=475",
        "productStock": 46,
        "productPrice": "4221.73",
        "productSalePrice": "4221.73",
        "rating": 5
    },
    {
        "productId": 1019,
        "productName": "uncertain cyan Tawsha",
        "productImage": "https://picsum.photos/400?image=18",
        "productStock": 24,
        "productPrice": "6790.39",
        "productSalePrice": "6790.39",
        "rating": 2
    },
    {
        "productId": 1020,
        "productName": "partial harlequin Katlin",
        "productImage": "https://picsum.photos/400?image=466",
        "productStock": 15,
        "productPrice": "9001.19",
        "productSalePrice": "3510.47",
        "rating": 2
    },
    {
        "productId": 1021,
        "productName": "redundant emerald Allyson",
        "productImage": "https://picsum.photos/400?image=110",
        "productStock": 59,
        "productPrice": "25272.78",
        "productSalePrice": "3032.73",
        "rating": 4
    },
    {
        "productId": 1022,
        "productName": "far beige Megan",
        "productImage": "https://picsum.photos/400?image=264",
        "productStock": 95,
        "productPrice": "33122.53",
        "productSalePrice": "33122.53",
        "rating": 5
    },
    {
        "productId": 1023,
        "productName": "select tomato Berty",
        "productImage": "https://picsum.photos/400?image=316",
        "productStock": 57,
        "productPrice": "6265.37",
        "productSalePrice": "2819.42",
        "rating": 5
    },
    {
        "productId": 1024,
        "productName": "recent harlequin Kally",
        "productImage": "https://picsum.photos/400?image=896",
        "productStock": 12,
        "productPrice": "30807.26",
        "productSalePrice": "9550.25",
        "rating": 2
    },
    {
        "productId": 1025,
        "productName": "limited emerald Alethea",
        "productImage": "https://picsum.photos/400?image=671",
        "productStock": 85,
        "productPrice": "5782.65",
        "productSalePrice": "2370.89",
        "rating": 2
    },
    {
        "productId": 1026,
        "productName": "initial pink Riane",
        "productImage": "https://picsum.photos/400?image=917",
        "productStock": 70,
        "productPrice": "34095.19",
        "productSalePrice": "34095.19",
        "rating": 5
    },
    {
        "productId": 1027,
        "productName": "long yellow Dorey",
        "productImage": "https://picsum.photos/400?image=419",
        "productStock": 77,
        "productPrice": "24712.30",
        "productSalePrice": "24712.30",
        "rating": 3
    },
    {
        "productId": 1028,
        "productName": "acute brown Phaidra",
        "productImage": "https://picsum.photos/400?image=889",
        "productStock": 15,
        "productPrice": "6488.51",
        "productSalePrice": "6488.51",
        "rating": 4
    },
    {
        "productId": 1029,
        "productName": "accepted orange Harriett",
        "productImage": "https://picsum.photos/400?image=719",
        "productStock": 41,
        "productPrice": "19609.46",
        "productSalePrice": "19609.46",
        "rating": 2
    },
    {
        "productId": 1030,
        "productName": "creative amethyst Kali",
        "productImage": "https://picsum.photos/400?image=888",
        "productStock": 22,
        "productPrice": "26368.88",
        "productSalePrice": "12393.37",
        "rating": 2
    },
    {
        "productId": 1031,
        "productName": "crooked indigo Karen",
        "productImage": "https://picsum.photos/400?image=443",
        "productStock": 60,
        "productPrice": "49558.08",
        "productSalePrice": "8424.87",
        "rating": 1
    },
    {
        "productId": 1032,
        "productName": "operational orange Myrtia",
        "productImage": "https://picsum.photos/400?image=649",
        "productStock": 61,
        "productPrice": "14925.93",
        "productSalePrice": "2238.89",
        "rating": 3
    },
    {
        "productId": 1033,
        "productName": "disturbing aqua Natalya",
        "productImage": "https://picsum.photos/400?image=554",
        "productStock": 78,
        "productPrice": "27159.30",
        "productSalePrice": "11950.09",
        "rating": 5
    },
    {
        "productId": 1034,
        "productName": "forward green Alis",
        "productImage": "https://picsum.photos/400?image=746",
        "productStock": 23,
        "productPrice": "27608.78",
        "productSalePrice": "27608.78",
        "rating": 5
    },
    {
        "productId": 1035,
        "productName": "complicated maroon Esmaria",
        "productImage": "https://picsum.photos/400?image=648",
        "productStock": 69,
        "productPrice": "3128.23",
        "productSalePrice": "938.47",
        "rating": 4
    },
    {
        "productId": 1036,
        "productName": "frequent chocolate Michell",
        "productImage": "https://picsum.photos/400?image=439",
        "productStock": 64,
        "productPrice": "39521.86",
        "productSalePrice": "39521.86",
        "rating": 4
    },
    {
        "productId": 1037,
        "productName": "inquisitive cyan Janette",
        "productImage": "https://picsum.photos/400?image=857",
        "productStock": 35,
        "productPrice": "9689.55",
        "productSalePrice": "9689.55",
        "rating": 4
    },
    {
        "productId": 1038,
        "productName": "regional tomato Melamie",
        "productImage": "https://picsum.photos/400?image=48",
        "productStock": 20,
        "productPrice": "5948.06",
        "productSalePrice": "1605.98",
        "rating": 4
    },
    {
        "productId": 1039,
        "productName": "notable maroon Anthe",
        "productImage": "https://picsum.photos/400?image=802",
        "productStock": 34,
        "productPrice": "49448.68",
        "productSalePrice": "49448.68",
        "rating": 3
    },
    {
        "productId": 1040,
        "productName": "unfortunate maroon Aileen",
        "productImage": "https://picsum.photos/400?image=38",
        "productStock": 65,
        "productPrice": "24131.28",
        "productSalePrice": "24131.28",
        "rating": 1
    },
    {
        "productId": 1041,
        "productName": "illegal black Karylin",
        "productImage": "https://picsum.photos/400?image=859",
        "productStock": 57,
        "productPrice": "36521.61",
        "productSalePrice": "16799.94",
        "rating": 5
    },
    {
        "productId": 1042,
        "productName": "diverse crimson Chiquia",
        "productImage": "https://picsum.photos/400?image=928",
        "productStock": 63,
        "productPrice": "30920.27",
        "productSalePrice": "30920.27",
        "rating": 4
    },
    {
        "productId": 1043,
        "productName": "coming magenta Siana",
        "productImage": "https://picsum.photos/400?image=54",
        "productStock": 66,
        "productPrice": "41255.15",
        "productSalePrice": "41255.15",
        "rating": 3
    },
    {
        "productId": 1044,
        "productName": "psychological maroon Cesya",
        "productImage": "https://picsum.photos/400?image=596",
        "productStock": 25,
        "productPrice": "20085.00",
        "productSalePrice": "7230.60",
        "rating": 2
    },
    {
        "productId": 1045,
        "productName": "stingy moccasin Conny",
        "productImage": "https://picsum.photos/400?image=399",
        "productStock": 95,
        "productPrice": "30494.11",
        "productSalePrice": "30494.11",
        "rating": 4
    },
    {
        "productId": 1046,
        "productName": "voiceless emerald Sarita",
        "productImage": "https://picsum.photos/400?image=695",
        "productStock": 48,
        "productPrice": "21625.98",
        "productSalePrice": "8001.61",
        "rating": 3
    },
    {
        "productId": 1047,
        "productName": "old lime Elvera",
        "productImage": "https://picsum.photos/400?image=761",
        "productStock": 4,
        "productPrice": "30869.36",
        "productSalePrice": "30869.36",
        "rating": 5
    },
    {
        "productId": 1048,
        "productName": "grumpy plum Jessica",
        "productImage": "https://picsum.photos/400?image=570",
        "productStock": 73,
        "productPrice": "35395.72",
        "productSalePrice": "11326.63",
        "rating": 3
    },
    {
        "productId": 1049,
        "productName": "unknown beige Maddalena",
        "productImage": "https://picsum.photos/400?image=784",
        "productStock": 11,
        "productPrice": "24573.75",
        "productSalePrice": "2457.37",
        "rating": 4
    },
    {
        "productId": 1050,
        "productName": "clever rose Karoly",
        "productImage": "https://picsum.photos/400?image=500",
        "productStock": 81,
        "productPrice": "12289.15",
        "productSalePrice": "12289.15",
        "rating": 4
    },
    {
        "productId": 1051,
        "productName": "unfortunate tan Maris",
        "productImage": "https://picsum.photos/400?image=622",
        "productStock": 63,
        "productPrice": "39042.14",
        "productSalePrice": "11322.22",
        "rating": 2
    },
    {
        "productId": 1052,
        "productName": "statutory emerald Arlyn",
        "productImage": "https://picsum.photos/400?image=472",
        "productStock": 50,
        "productPrice": "35325.05",
        "productSalePrice": "35325.05",
        "rating": 1
    },
    {
        "productId": 1053,
        "productName": "dynamic gold Gratiana",
        "productImage": "https://picsum.photos/400?image=71",
        "productStock": 59,
        "productPrice": "21332.58",
        "productSalePrice": "21332.58",
        "rating": 5
    },
    {
        "productId": 1054,
        "productName": "spotty cyan Micky",
        "productImage": "https://picsum.photos/400?image=471",
        "productStock": 78,
        "productPrice": "49952.94",
        "productSalePrice": "10490.12",
        "rating": 2
    },
    {
        "productId": 1055,
        "productName": "creative peach Loria",
        "productImage": "https://picsum.photos/400?image=619",
        "productStock": 6,
        "productPrice": "20547.31",
        "productSalePrice": "8424.40",
        "rating": 2
    },
    {
        "productId": 1056,
        "productName": "dutch peach Em",
        "productImage": "https://picsum.photos/400?image=236",
        "productStock": 98,
        "productPrice": "42634.53",
        "productSalePrice": "19611.88",
        "rating": 3
    },
    {
        "productId": 1057,
        "productName": "civilian fuchsia Jackelyn",
        "productImage": "https://picsum.photos/400?image=409",
        "productStock": 62,
        "productPrice": "21268.92",
        "productSalePrice": "21268.92",
        "rating": 1
    },
    {
        "productId": 1058,
        "productName": "elderly turquoise Storm",
        "productImage": "https://picsum.photos/400?image=270",
        "productStock": 68,
        "productPrice": "45826.03",
        "productSalePrice": "9623.47",
        "rating": 4
    },
    {
        "productId": 1059,
        "productName": "charming jade Emelia",
        "productImage": "https://picsum.photos/400?image=696",
        "productStock": 36,
        "productPrice": "23535.56",
        "productSalePrice": "23535.56",
        "rating": 4
    },
    {
        "productId": 1060,
        "productName": "uninterested violet Lind",
        "productImage": "https://picsum.photos/400?image=732",
        "productStock": 51,
        "productPrice": "18257.20",
        "productSalePrice": "18257.20",
        "rating": 2
    },
    {
        "productId": 1061,
        "productName": "assistant gray Regine",
        "productImage": "https://picsum.photos/400?image=129",
        "productStock": 6,
        "productPrice": "31745.83",
        "productSalePrice": "31745.83",
        "rating": 2
    },
    {
        "productId": 1062,
        "productName": "thick blush Pennie",
        "productImage": "https://picsum.photos/400?image=605",
        "productStock": 3,
        "productPrice": "3405.51",
        "productSalePrice": "3405.51",
        "rating": 4
    },
    {
        "productId": 1063,
        "productName": "lovely brown Theressa",
        "productImage": "https://picsum.photos/400?image=891",
        "productStock": 31,
        "productPrice": "40426.73",
        "productSalePrice": "12936.55",
        "rating": 4
    },
    {
        "productId": 1064,
        "productName": "smooth plum Robbi",
        "productImage": "https://picsum.photos/400?image=690",
        "productStock": 18,
        "productPrice": "32980.16",
        "productSalePrice": "10883.45",
        "rating": 2
    },
    {
        "productId": 1065,
        "productName": "crude cyan Aloysia",
        "productImage": "https://picsum.photos/400?image=896",
        "productStock": 56,
        "productPrice": "3933.53",
        "productSalePrice": "3933.53",
        "rating": 5
    },
    {
        "productId": 1066,
        "productName": "prominent turquoise Pattie",
        "productImage": "https://picsum.photos/400?image=855",
        "productStock": 45,
        "productPrice": "30615.94",
        "productSalePrice": "30615.94",
        "rating": 2
    },
    {
        "productId": 1067,
        "productName": "daily tan Wenda",
        "productImage": "https://picsum.photos/400?image=869",
        "productStock": 41,
        "productPrice": "36740.69",
        "productSalePrice": "13226.65",
        "rating": 2
    },
    {
        "productId": 1068,
        "productName": "primary gold Tera",
        "productImage": "https://picsum.photos/400?image=463",
        "productStock": 88,
        "productPrice": "25121.63",
        "productSalePrice": "25121.63",
        "rating": 4
    },
    {
        "productId": 1069,
        "productName": "geographical amethyst Tania",
        "productImage": "https://picsum.photos/400?image=14",
        "productStock": 79,
        "productPrice": "24384.38",
        "productSalePrice": "24384.38",
        "rating": 2
    },
    {
        "productId": 1070,
        "productName": "historic salmon Laraine",
        "productImage": "https://picsum.photos/400?image=275",
        "productStock": 33,
        "productPrice": "46883.08",
        "productSalePrice": "46883.08",
        "rating": 3
    },
    {
        "productId": 1071,
        "productName": "bare jade Mabelle",
        "productImage": "https://picsum.photos/400?image=177",
        "productStock": 79,
        "productPrice": "46760.90",
        "productSalePrice": "16833.92",
        "rating": 3
    },
    {
        "productId": 1072,
        "productName": "tame crimson Natalie",
        "productImage": "https://picsum.photos/400?image=152",
        "productStock": 48,
        "productPrice": "22356.48",
        "productSalePrice": "22356.48",
        "rating": 2
    },
    {
        "productId": 1073,
        "productName": "regular harlequin Aigneis",
        "productImage": "https://picsum.photos/400?image=523",
        "productStock": 8,
        "productPrice": "45933.08",
        "productSalePrice": "45933.08",
        "rating": 5
    },
    {
        "productId": 1074,
        "productName": "tight red Bernice",
        "productImage": "https://picsum.photos/400?image=417",
        "productStock": 2,
        "productPrice": "3766.15",
        "productSalePrice": "1732.43",
        "rating": 4
    },
    {
        "productId": 1075,
        "productName": "ready chocolate Mirelle",
        "productImage": "https://picsum.photos/400?image=843",
        "productStock": 38,
        "productPrice": "24113.38",
        "productSalePrice": "24113.38",
        "rating": 3
    },
    {
        "productId": 1076,
        "productName": "secondary red Blythe",
        "productImage": "https://picsum.photos/400?image=350",
        "productStock": 97,
        "productPrice": "47086.10",
        "productSalePrice": "9888.08",
        "rating": 2
    },
    {
        "productId": 1077,
        "productName": "known orange Nollie",
        "productImage": "https://picsum.photos/400?image=578",
        "productStock": 18,
        "productPrice": "30645.75",
        "productSalePrice": "30645.75",
        "rating": 3
    },
    {
        "productId": 1078,
        "productName": "very indigo Beverie",
        "productImage": "https://picsum.photos/400?image=304",
        "productStock": 6,
        "productPrice": "36357.98",
        "productSalePrice": "36357.98",
        "rating": 2
    },
    {
        "productId": 1079,
        "productName": "legislative tan Gracie",
        "productImage": "https://picsum.photos/400?image=419",
        "productStock": 50,
        "productPrice": "14884.72",
        "productSalePrice": "2976.94",
        "rating": 3
    },
    {
        "productId": 1080,
        "productName": "husky pink Nicola",
        "productImage": "https://picsum.photos/400?image=330",
        "productStock": 64,
        "productPrice": "17199.38",
        "productSalePrice": "17199.38",
        "rating": 2
    },
    {
        "productId": 1081,
        "productName": "hot bronze Bertha",
        "productImage": "https://picsum.photos/400?image=571",
        "productStock": 8,
        "productPrice": "23919.62",
        "productSalePrice": "23919.62",
        "rating": 2
    },
    {
        "productId": 1082,
        "productName": "conscious magenta Jessie",
        "productImage": "https://picsum.photos/400?image=707",
        "productStock": 36,
        "productPrice": "1355.81",
        "productSalePrice": "1355.81",
        "rating": 3
    },
    {
        "productId": 1083,
        "productName": "shiny silver Tammie",
        "productImage": "https://picsum.photos/400?image=531",
        "productStock": 55,
        "productPrice": "35674.84",
        "productSalePrice": "10702.45",
        "rating": 4
    },
    {
        "productId": 1084,
        "productName": "wasteful orange Stephana",
        "productImage": "https://picsum.photos/400?image=540",
        "productStock": 26,
        "productPrice": "9266.72",
        "productSalePrice": "9266.72",
        "rating": 4
    },
    {
        "productId": 1085,
        "productName": "accepted coffee Karoly",
        "productImage": "https://picsum.photos/400?image=77",
        "productStock": 9,
        "productPrice": "40394.96",
        "productSalePrice": "8886.89",
        "rating": 4
    },
    {
        "productId": 1086,
        "productName": "biological yellow Corene",
        "productImage": "https://picsum.photos/400?image=220",
        "productStock": 99,
        "productPrice": "40799.67",
        "productSalePrice": "12647.90",
        "rating": 1
    },
    {
        "productId": 1087,
        "productName": "ugly white Jeanine",
        "productImage": "https://picsum.photos/400?image=607",
        "productStock": 70,
        "productPrice": "20261.08",
        "productSalePrice": "20261.08",
        "rating": 2
    },
    {
        "productId": 1088,
        "productName": "above cyan Dredi",
        "productImage": "https://picsum.photos/400?image=946",
        "productStock": 94,
        "productPrice": "40979.58",
        "productSalePrice": "40979.58",
        "rating": 4
    },
    {
        "productId": 1089,
        "productName": "stable plum Barbabra",
        "productImage": "https://picsum.photos/400?image=994",
        "productStock": 30,
        "productPrice": "31625.74",
        "productSalePrice": "31625.74",
        "rating": 5
    },
    {
        "productId": 1090,
        "productName": "ambitious amber Alayne",
        "productImage": "https://picsum.photos/400?image=592",
        "productStock": 83,
        "productPrice": "23998.74",
        "productSalePrice": "9359.51",
        "rating": 4
    },
    {
        "productId": 1091,
        "productName": "nice indigo Steffie",
        "productImage": "https://picsum.photos/400?image=644",
        "productStock": 3,
        "productPrice": "18201.33",
        "productSalePrice": "18201.33",
        "rating": 4
    },
    {
        "productId": 1092,
        "productName": "cute ivory Ofilia",
        "productImage": "https://picsum.photos/400?image=832",
        "productStock": 74,
        "productPrice": "49212.53",
        "productSalePrice": "13287.38",
        "rating": 4
    },
    {
        "productId": 1093,
        "productName": "fun lime Mallorie",
        "productImage": "https://picsum.photos/400?image=614",
        "productStock": 65,
        "productPrice": "22883.28",
        "productSalePrice": "22883.28",
        "rating": 2
    },
    {
        "productId": 1094,
        "productName": "united indigo Silva",
        "productImage": "https://picsum.photos/400?image=404",
        "productStock": 9,
        "productPrice": "40058.13",
        "productSalePrice": "40058.13",
        "rating": 5
    },
    {
        "productId": 1095,
        "productName": "pale gold Gwyn",
        "productImage": "https://picsum.photos/400?image=250",
        "productStock": 74,
        "productPrice": "25333.23",
        "productSalePrice": "11653.29",
        "rating": 2
    },
    {
        "productId": 1096,
        "productName": "valid amaranth Constanta",
        "productImage": "https://picsum.photos/400?image=466",
        "productStock": 19,
        "productPrice": "40992.99",
        "productSalePrice": "40992.99",
        "rating": 2
    },
    {
        "productId": 1097,
        "productName": "symbolic orange Courtney",
        "productImage": "https://picsum.photos/400?image=36",
        "productStock": 63,
        "productPrice": "32930.92",
        "productSalePrice": "32930.92",
        "rating": 4
    },
    {
        "productId": 1098,
        "productName": "existing fuchsia Maggy",
        "productImage": "https://picsum.photos/400?image=991",
        "productStock": 87,
        "productPrice": "29786.00",
        "productSalePrice": "14595.14",
        "rating": 2
    },
    {
        "productId": 1099,
        "productName": "surprising cyan Gene",
        "productImage": "https://picsum.photos/400?image=634",
        "productStock": 61,
        "productPrice": "8908.76",
        "productSalePrice": "8908.76",
        "rating": 3
    }
]